<a class="product-card-name reset-link catalog-2-level-product-card__name style--catalog-2-level-product-card" data-qa="product-card-name" data-v-09656484="" data-v-e7882362="" href="/products/art_451327" title="Вода Aqua Minerale питьевая негазированная, 2л"><span class="product-card-name__text" data-v-09656484="">
    Вода Aqua Minerale питьевая негазированная, 2л
  </span> <!-- --></a>
<a class="product-card-name reset-link catalog-2-level-product-card__name style--catalog-2-level-product-card" data-qa="product-card-name" data-v-09656484="" data-v-e7882362="" href="/products/svyatoj-istochnik-negazirovannaya-05-l-473978" title="Вода Святой Источник негазированная, 500мл"><span class="product-card-name__text" data-v-09656484="">
    Вода Святой Источник негазированная, 500мл
  </span> <!-- --></a>
<a class="product-card-name reset-link catalog-2-level-product-card__name style--catalog-2-level-product-card" data-qa="product-card-name" data-v-09656484="" data-v-e7882362="" href="/products/svyatoj-istochnik-negazirovannaya-033-l-456829" title="Вода Святой Источник негазированная, 330мл"><span class="product-card-name__text" data-v-09656484="">
    Вода Святой Источник негазированная, 330мл
  </span> <!-- --></a>
<a class="product-card-name reset-link catalog-2-level-product-card__name style--catalog-2-level-product-card" data-qa="product-card-name" data-v-09656484="" data-v-e7882362="" href="/products/gazirovannaya-legenda-gor-arhyz-5l" title="Вода Легенда гор Архыз негазированная, 5л"><span class="product-card-name__text" data-v-09656484="">
    Вода Легенда гор Архыз негазированная, 5л
  </span> <!-- --></a>
<a class="product-card-name reset-link catalog-2-level-product-card__name style--catalog-2-level-product-card" data-qa="product-card-name" data-v-09656484="" data-v-e7882362="" href="/products/svyatoj-istochnik-sportik-033-l-482548" title="Вода Святой Источник Спортик для детей негазированная, 330мл"><span class="product-card-name__text" data-v-09656484="">
    Вода Святой Источник Спортик для детей негазированная, 330мл
  </span> <!-- --></a>
<a class="product-card-name reset-link catalog-2-level-product-card__name style--catalog-2-level-product-card" data-qa="product-card-name" data-v-09656484="" data-v-e7882362="" href="/products/pityevaya-svyatoj-istochnik-negazirovannaya-1-l" title="Вода Святой Источник негазированная, 1л"><span class="product-card-name__text" data-v-09656484="">
    Вода Святой Источник негазированная, 1л
  </span> <!-- --></a>
<a class="product-card-name reset-link catalog-2-level-product-card__name style--catalog-2-level-product-card" data-qa="product-card-name" data-v-09656484="" data-v-e7882362="" href="/products/svyatoj-istochnik-gazirovannaya-pet-1l" title="Вода Святой Источник газированная, 1л"><span class="product-card-name__text" data-v-09656484="">
    Вода Святой Источник газированная, 1л
  </span> <!-- --></a>
<a class="product-card-name reset-link catalog-2-level-product-card__name style--catalog-2-level-product-card" data-qa="product-card-name" data-v-09656484="" data-v-e7882362="" href="/products/shishkin-les-sport-1l" title="Вода питьевая Шишкин лес Спорт негазированная, 1л"><span class="product-card-name__text" data-v-09656484="">
    Вода питьевая Шишкин лес Спорт негазированная, 1л
  </span> <!-- --></a>
<a class="product-card-name reset-link catalog-2-level-product-card__name style--catalog-2-level-product-card" data-qa="product-card-name" data-v-09656484="" data-v-e7882362="" href="/products/novoterskaya-lechebnaya-15l-456833" title="Вода Новотерская минеральная целебная питьевая газированная, 1.5л"><span class="product-card-name__text" data-v-09656484="">
    Вода Новотерская минеральная целебная питьевая газированная, 1.5л
  </span> <!-- --></a>
<a class="product-card-name reset-link catalog-2-level-product-card__name style--catalog-2-level-product-card" data-qa="product-card-name" data-v-09656484="" data-v-e7882362="" href="/products/senezhskaya-negazirovannaya-05-l" title="Вода Сенежская питьевая негазированная, 500мл"><span class="product-card-name__text" data-v-09656484="">
    Вода Сенежская питьевая негазированная, 500мл
  </span> <!-- --></a>
<a class="product-card-name reset-link catalog-2-level-product-card__name style--catalog-2-level-product-card" data-qa="product-card-name" data-v-09656484="" data-v-e7882362="" href="/products/voda-baikal-430-bajkalskaya-glubinnaya-voda-negazirovannaya-085-l" title="Вода Baikal430 Байкальская глубинная вода негазированная, 850мл"><span class="product-card-name__text" data-v-09656484="">
    Вода Baikal430 Байкальская глубинная вода негазированная, 850мл
  </span> <!-- --></a>
<a class="product-card-name reset-link catalog-2-level-product-card__name style--catalog-2-level-product-card" data-qa="product-card-name" data-v-09656484="" data-v-e7882362="" href="/products/borjomi-lechebno-stolovaya-gazirovannaya-12h05-l" title="Вода Borjomi природная минеральная, 500мл"><span class="product-card-name__text" data-v-09656484="">
    Вода Borjomi природная минеральная, 500мл
  </span> <!-- --></a>
<a class="product-card-name reset-link catalog-2-level-product-card__name style--catalog-2-level-product-card" data-qa="product-card-name" data-v-09656484="" data-v-e7882362="" href="/products/chernogolovskaya-bez-gaza-5l" title="Вода Черноголовка природная негазированная, 5л"><span class="product-card-name__text" data-v-09656484="">
    Вода Черноголовка природная негазированная, 5л
  </span> <!-- --></a>
<a class="product-card-name reset-link catalog-2-level-product-card__name style--catalog-2-level-product-card" data-qa="product-card-name" data-v-09656484="" data-v-e7882362="" href="/products/art_423013" title="Вода Святой Источник негазированная, 5л"><span class="product-card-name__text" data-v-09656484="">
    Вода Святой Источник негазированная, 5л
  </span> <!-- --></a>
<a class="product-card-name reset-link catalog-2-level-product-card__name style--catalog-2-level-product-card" data-qa="product-card-name" data-v-09656484="" data-v-e7882362="" href="/products/arhyz-negazirovannaya-5-l" title="Вода Архыз Vita негазированная, 5л"><span class="product-card-name__text" data-v-09656484="">
    Вода Архыз Vita негазированная, 5л
  </span> <!-- --></a>
<a class="product-card-name reset-link catalog-2-level-product-card__name style--catalog-2-level-product-card" data-qa="product-card-name" data-v-09656484="" data-v-e7882362="" href="/products/bez-gaza-legendy-bajkala-steklo-05-l-89093" title="Вода Legend of Baikal питьевая негазированная, 500мл"><span class="product-card-name__text" data-v-09656484="">
    Вода Legend of Baikal питьевая негазированная, 500мл
  </span> <!-- --></a>
<a class="product-card-name reset-link catalog-2-level-product-card__name style--catalog-2-level-product-card" data-qa="product-card-name" data-v-09656484="" data-v-e7882362="" href="/products/borjomi-gazirovannaya-steklo-05-l" title="Вода Borjomi природная минеральная, 500мл"><span class="product-card-name__text" data-v-09656484="">
    Вода Borjomi природная минеральная, 500мл
  </span> <!-- --></a>
<a class="product-card-name reset-link catalog-2-level-product-card__name style--catalog-2-level-product-card" data-qa="product-card-name" data-v-09656484="" data-v-e7882362="" href="/products/shishkin-les-negazirovannaya-5l" title="Вода Шишкин лес питьевая негазированная, 5л"><span class="product-card-name__text" data-v-09656484="">
    Вода Шишкин лес питьевая негазированная, 5л
  </span> <!-- --></a>
<a class="product-card-name reset-link catalog-2-level-product-card__name style--catalog-2-level-product-card" data-qa="product-card-name" data-v-09656484="" data-v-e7882362="" href="/products/art_461364" title="Вода Нарзан минеральная натуральной газации, 500мл"><span class="product-card-name__text" data-v-09656484="">
    Вода Нарзан минеральная натуральной газации, 500мл
  </span> <!-- --></a>
<a class="product-card-name reset-link catalog-2-level-product-card__name style--catalog-2-level-product-card" data-qa="product-card-name" data-v-09656484="" data-v-e7882362="" href="/products/voda-detskaya-frutonyanya-15l" title="Вода ФрутоНяня для детского питания, 1.5л"><span class="product-card-name__text" data-v-09656484="">
    Вода ФрутоНяня для детского питания, 1.5л
  </span> <!-- --></a>
<a class="product-card-name reset-link catalog-2-level-product-card__name style--catalog-2-level-product-card" data-qa="product-card-name" data-v-09656484="" data-v-e7882362="" href="/products/aro-mineralnaya-negazirovannaya-05-l" title="aro Вода минеральная питьевая негазированная, 500мл"><span class="product-card-name__text" data-v-09656484="">
    aro Вода минеральная питьевая негазированная, 500мл
  </span> <!-- --></a>
<a class="product-card-name reset-link catalog-2-level-product-card__name style--catalog-2-level-product-card" data-qa="product-card-name" data-v-09656484="" data-v-e7882362="" href="/products/svyatoj-istochnik-gazirovannaya-15l-473977" title="Вода Святой Источник газированная, 1.5л"><span class="product-card-name__text" data-v-09656484="">
    Вода Святой Источник газированная, 1.5л
  </span> <!-- --></a>
<a class="product-card-name reset-link catalog-2-level-product-card__name style--catalog-2-level-product-card" data-qa="product-card-name" data-v-09656484="" data-v-e7882362="" href="/products/tassay-negazirovannaya-pet-05-l" title="Вода Tassay питьевая негазированная, 500мл"><span class="product-card-name__text" data-v-09656484="">
    Вода Tassay питьевая негазированная, 500мл
  </span> <!-- --></a>
<a class="product-card-name reset-link catalog-2-level-product-card__name style--catalog-2-level-product-card" data-qa="product-card-name" data-v-09656484="" data-v-e7882362="" href="/products/05l-voda-bona-aqua-bg-pet-200957" title="Вода BonaAqua негазированная, 500мл"><span class="product-card-name__text" data-v-09656484="">
    Вода BonaAqua негазированная, 500мл
  </span> <!-- --></a>
<a class="product-card-name reset-link catalog-2-level-product-card__name style--catalog-2-level-product-card" data-qa="product-card-name" data-v-09656484="" data-v-e7882362="" href="/products/mineralnaya-borjomi-v-zheleznoj-banke-12-033-l" title="Вода Borjomi природная минеральная, 330мл"><span class="product-card-name__text" data-v-09656484="">
    Вода Borjomi природная минеральная, 330мл
  </span> <!-- --></a>
<a class="product-card-name reset-link catalog-2-level-product-card__name style--catalog-2-level-product-card" data-qa="product-card-name" data-v-09656484="" data-v-e7882362="" href="/products/5l-lipeckaya" title="Вода Липецкая негазированная, 5л"><span class="product-card-name__text" data-v-09656484="">
    Вода Липецкая негазированная, 5л
  </span> <!-- --></a>
<a class="product-card-name reset-link catalog-2-level-product-card__name style--catalog-2-level-product-card" data-qa="product-card-name" data-v-09656484="" data-v-e7882362="" href="/products/dzhermuk-1l-480760" title="Вода Jermuk минеральная газированная, 1л"><span class="product-card-name__text" data-v-09656484="">
    Вода Jermuk минеральная газированная, 1л
  </span> <!-- --></a>
<a class="product-card-name reset-link catalog-2-level-product-card__name style--catalog-2-level-product-card" data-qa="product-card-name" data-v-09656484="" data-v-e7882362="" href="/products/senezhskaya-bez-gaza-15l" title="Вода Сенежская минеральная негазированная, 1.5л"><span class="product-card-name__text" data-v-09656484="">
    Вода Сенежская минеральная негазированная, 1.5л
  </span> <!-- --></a>
<a class="product-card-name reset-link catalog-2-level-product-card__name style--catalog-2-level-product-card" data-qa="product-card-name" data-v-09656484="" data-v-e7882362="" href="/products/art_31187" title="Вода Aqua Minerale питьевая негазированная, 500мл"><span class="product-card-name__text" data-v-09656484="">
    Вода Aqua Minerale питьевая негазированная, 500мл
  </span> <!-- --></a>
<a class="product-card-name reset-link catalog-2-level-product-card__name style--catalog-2-level-product-card" data-qa="product-card-name" data-v-09656484="" data-v-e7882362="" href="/products/svyatoj-istochnik-negazirovannaya-15l-473976" title="Вода Святой Источник негазированная, 1.5л"><span class="product-card-name__text" data-v-09656484="">
    Вода Святой Источник негазированная, 1.5л
  </span> <!-- --></a>
